label,term_no,pages,no_spaces,pid
"1881-1882, responses to",term443,312|314,responsesto,responsesto
A Critical and Hermeneutical Introduction to the Pentateuch,term626,165|167|168|169|170|171|172|173|176|178|179,ACriticalandHermeneuticalIntroductiontothePentateuch,acriticalandhermeneuticalintroductiontothepentateuch
"Abarbanel, Isaac ben Judah",term884,3|574,AbarbanelIsaacbenJudah,abarbanelisaacbenjudah
Abd-al-Rahman III,term290,186,AbdalRahmanIII,abdalrahmaniii
Abolitionism,term503,29|40|821|827,Abolitionism,abolitionism
"Abraham, Barnet",term15,252,AbrahamBarnet,abrahambarnet
Abudarham,term407,222,Abudarham,abudarham
"Adams, John",term422,128,AdamsJohn,adamsjohn
Adas Israel,term722,71,AdasIsrael,adasisrael
Adler,term100,761,Adler,adler
"Adler (of Chicago), L.a",term265,285,AdlerofChicagoLa,adlerofchicagola
"Adler (of New York), S.",term537,594,AdlerofNewYorkS,adlerofnewyorks
"Adler, Abraham",term11,253,AdlerAbraham,adlerabraham
"Adler, Cyrus",term915,607|611|638|731,AdlerCyrus,adlercyrus
"Adler, Dr. Nathan M. (Chief Rabbi of Great Britain)",term751,45|198|284|432|712,AdlerDrNathanMChiefRabbiofGreatBritain,adlerdrnathanmchiefrabbiofgreatbritain
"Adler, Felix",term547,413,AdlerFelix,adlerfelix
"Adler, Herman",term365,318|713,AdlerHerman,adlerherman
Adonai,term633,639,Adonai,adonai
"Adret, Solomon ben Abraham",term895,562,AdretSolomonbenAbraham,adretsolomonbenabraham
Agricultural Schools,term387,272,AgriculturalSchools,agriculturalschools
"Aguilar, Emanuel: The Ancient Melodies of the Spanish and Portuguese Jews",term933,346,AguilarEmanuelTheAncientMelodiesoftheSpanishandPortugueseJews,aguilaremanueltheancientmelodiesofthespanishandportuguesejews
"Alatri, Samuel",term523,428|701,AlatriSamuel,alatrisamuel
Alatrini,term461,254|681,Alatrini,alatrini
"Albo, Joseph",term766,571,AlboJoseph,albojoseph
Alexandria,term169,317,Alexandria,alexandria
"Allen, Anna",term564,291|647,AllenAnna,allenanna
Alliance IsraA?lite Universelle,term59,105|175|214|223|237|239|254|256|257|258|272|278|284|285|286|304|308|312|335|338|383|384|411|421|434|435|437|452|455|458|461|514|515|516|518|519|520|598|649|662|674|680|682|713|765|783,AllianceIsraAliteUniverselle,allianceisraaliteuniverselle
Almansi,term293,127|270|782,Almansi,almansi
American Catholic Quarterly Review,term14,163,AmericanCatholicQuarterlyReview,americancatholicquarterlyreview
American Hebrew,term707,301|306|313|333|336|337|349|360|364|380|391|393|439|440|456|458|459|461|462|463|519|520|527|528|529|530|531|532|549|551|568|581|582|588|589|590|601|605|608|621|624|641|642|645|646|664|676|698|700|711|731|744|780|781|784|787|798|799|800|803|804|806|826,AmericanHebrew,americanhebrew
American Israelite,term659,129|130|131|132|135|136|138|139|141|380|611,AmericanIsraelite,americanisraelite
American Jewish Advocate,term68,345,AmericanJewishAdvocate,americanjewishadvocate
American Jews? Annual,term300,554,AmericanJewsAnnual,americanjewsannual
and Cremation,term53,400,andCremation,andcremation
and Dietary Law,term355,369|370|372|408,andDietaryLaw,anddietarylaw
and Fasting,term147,408,andFasting,andfasting
and Marriage,term787,431,andMarriage,andmarriage
and Modernising,term34,87,andModernising,andmodernising
"and Ritual ""innovation""",term334,96|130|131|132|135|136|139|141|143|273|664|687|700|733|743,andRitualinnovation,andritualinnovation
and Ritual Slaughter,term637,45|788,andRitualSlaughter,andritualslaughter
and social virtue,term561,34,andsocialvirtue,andsocialvirtue
and Synagogue Music,term712,62,andSynagogueMusic,andsynagoguemusic
and the Occult,term926,56,andtheOccult,andtheoccult
Anglo-Jewish Association,term475,662|713,AngloJewishAssociation,anglojewishassociation
Anglo-Jewry,term214,143|184,AngloJewry,anglojewry
Anshe Hashem,term752,49,AnsheHashem,anshehashem
Anti-Semitic League,term64,280,AntiSemiticLeague,antisemiticleague
Anti-Semitism,term495,294|303|441,AntiSemitism,antisemitism
Anti-Semitism and its good effect,term716,38,AntiSemitismanditsgoodeffect,antisemitismanditsgoodeffect
Antologica Israelitica (of Corfu),term762,185|322|334|557|604,AntologicaIsraeliticaofCorfu,antologicaisraeliticaofcorfu
"Arbib Family (Edoardo, Giacomo & Lelio)",term631,708|710,ArbibFamilyEdoardoGiacomoLelio,arbibfamilyedoardogiacomolelio
"Architecture, see",term658,17,Architecturesee,architecturesee
Archives Isra?lites de France,term819,49,ArchivesIsralitesdeFrance,archivesisralitesdefrance
Archivolti,term429,40,Archivolti,archivolti
Argentina,term182,726,Argentina,argentina
"Armhold, W.",term145,259,ArmholdW,armholdw
"Arnold, Matthew",term953,457,ArnoldMatthew,arnoldmatthew
"Arthur, Chester A.",term437,586|688|732,ArthurChesterA,arthurchestera
"Artom, Isaac",term80,39|213|702,ArtomIsaac,artomisaac
Aruch Completum,term388,113|668|779,AruchCompletum,aruchcompletum
As advance troops of Universal Emancipation,term548,31,AsadvancetroopsofUniversalEmancipation,asadvancetroopsofuniversalemancipation
as language of prayer,term35,109|135|136|138|174,aslanguageofprayer,aslanguageofprayer
"Ascarelli, Deborah",term796,604,AscarelliDeborah,ascarellideborah
"Ascher, Rev. Simon",term516,103,AscherRevSimon,ascherrevsimon
"Ascoli, Graziadio",term826,322|705|706,AscoliGraziadio,ascoligraziadio
"Ascoli, Raphael",term281,345,AscoliRaphael,ascoliraphael
Asmonean,term258,1|3|4|5|6|7|8,Asmonean,asmonean
Association Review,term779,181|447,AssociationReview,associationreview
Astruc,term720,744,Astruc,astruc
Atlanta,term149,28,Atlanta,atlanta
"Aufrecht, Mr.",term731,217,AufrechtMr,aufrechtmr
Autobiography,term174,190|191|192|193|194|196|197|199|200|201|203|204,Autobiography,autobiography
"Azulai, H. J. D.",term127,655,AzulaiHJD,azulaihjd
"Bacon, Francis",term197,199,BaconFrancis,baconfrancis
Balmesi,term827,127,Balmesi,balmesi
Bamberger,term691,278,Bamberger,bamberger
"Bancroft, George",term807,331,BancroftGeorge,bancroftgeorge
Bandiera brothers,term788,26|61,Bandierabrothers,bandierabrothers
"Bardsley, John",term390,736,BardsleyJohn,bardsleyjohn
"Baroway, S.",term846,805,BarowayS,baroways
"Basnage, Jacques",term813,380,BasnageJacques,basnagejacques
"Baum, Esther",term175,623,BaumEsther,baumesther
"Bayle, Pierre",term939,49,BaylePierre,baylepierre
"Beaconsfield, Lord",term890,746,BeaconsfieldLord,beaconsfieldlord
"Beer, Bernard",term257,307,BeerBernard,beerbernard
"Ben Labrat, Dunash",term226,187|188,BenLabratDunash,benlabratdunash
"Ben Salomo, Immanuel",term648,228,BenSalomoImmanuel,bensalomoimmanuel
"Ben Sangadun, Jacob",term186,340,BenSangadunJacob,bensangadunjacob
Ben-Jacob,term672,233,BenJacob,benjacob
"Benamozegh, Elias (of Leghorn)",term782,105|520|697|701,BenamozeghEliasofLeghorn,benamozegheliasofleghorn
Bene Yeshurun,term628,181,BeneYeshurun,beneyeshurun
"Benedetti, Salvatore de",term466,127|322|553|582|681|727,BenedettiSalvatorede,benedettisalvatorede
"Benvenisti, Dr. Nathan",term430,204,BenvenistiDrNathan,benvenistidrnathan
"Bergh, Henry",term311,45|636,BerghHenry,berghhenry
"Berkowitz, Henry",term381,720,BerkowitzHenry,berkowitzhenry
"Berlin, Isaiah (of Breslau)",term974,192|208,BerlinIsaiahofBreslau,berlinisaiahofbreslau
"Berliner, Dr. A.",term772,228|325|520,BerlinerDrA,berlinerdra
"Bernstein, A.",term597,259,BernsteinA,bernsteina
Beth el Emeth,term394,411|413,BethelEmeth,bethelemeth
Beth Ha-Ozar,term579,188,BethHaOzar,bethhaozar
Beth Israel,term950,411|413|772,BethIsrael,bethisrael
Bicentennial,term231,309|330|430,Bicentennial,bicentennial
Bikkurei Ha-Ittim,term518,270|801,BikkureiHaIttim,bikkureihaittim
Biography of Mendelsohn,term645,337,BiographyofMendelsohn,biographyofmendelsohn
"Bismark, Otto von",term539,175|278|441,BismarkOttovon,bismarkottovon
"Bloch & Co., Messrs (Publishers)",term113,295,BlochCoMessrsPublishers,blochcomessrspublishers
"Bloch, S.: La Foi d?Israel",term756,276,BlochSLaFoidIsrael,blochslafoidisrael
"Blumenthal, Dr. Mark",term894,310,BlumenthalDrMark,blumenthaldrmark
"Blumenthal, Joseph",term878,749|780|781|820|827,BlumenthalJoseph,blumenthaljoseph
Bnai Brith,term307,164,BnaiBrith,bnaibrith
"Board of Deputies, British",term77,257,BoardofDeputiesBritish,boardofdeputiesbritish
"Board of Education, Philadelphia",term4,133,BoardofEducationPhiladelphia,boardofeducationphiladelphia
"Board of Hebrew Ministers, Philadelphia",term152,133|418,BoardofHebrewMinistersPhiladelphia,boardofhebrewministersphiladelphia
"Bohne, Johanna von",term215,685,BohneJohannavon,bohnejohannavon
"Bomeisler, L.",term230,291,BomeislerL,bomeislerl
"Bonaparte, Napoleon",term984,61|190|342,BonaparteNapoleon,bonapartenapoleon
"Bonfili, Baron Treves de",term698,590,BonfiliBaronTrevesde,bonfilibarontrevesde
Boston,term223,74|75|580,Boston,boston
Boston Evening Traveller,term481,580|592,BostonEveningTraveller,bostoneveningtraveller
"Boston Index, The",term194,202,BostonIndexThe,bostonindexthe
Boulogne,term546,103,Boulogne,boulogne
"Breidenbach, Rev. J.",term118,17,BreidenbachRevJ,breidenbachrevj
"Brewster, Benjamin Harris",term318,629,BrewsterBenjaminHarris,brewsterbenjaminharris
"Briggs, Charles A.",term977,593,BriggsCharlesA,briggscharlesa
Brill,term530,271,Brill,brill
"Brooks, Bishop Phillips",term921,764,BrooksBishopPhillips,brooksbishopphillips
"Bruno, Giordano",term191,707,BrunoGiordano,brunogiordano
"Buber, Salomon (of Lemberg)",term966,583,BuberSalomonofLemberg,bubersalomonoflemberg
"Buchanan, James",term279,280,BuchananJames,buchananjames
"Burlingame, Mr.",term592,732,BurlingameMr,burlingamemr
"Busch, Isidore",term847,190|201,BuschIsidore,buschisidore
Cafarel-Wilson,term531,640,CafarelWilson,cafarelwilson
Camondo,term852,214|254,Camondo,camondo
Cantarini Family,term244,235|804,CantariniFamily,cantarinifamily
"Cantoni, Lelio",term272,782,CantoniLelio,cantonilelio
Capital punishment,term487,30|55|535,Capitalpunishment,capitalpunishment
"Carey, Henry C.",term151,251,CareyHenryC,careyhenryc
Carmel Colony,term612,691|757,CarmelColony,carmelcolony
"Caro, Victor",term734,549|733,CaroVictor,carovictor
"Carvalho, Emanuel Nunes",term9,340,CarvalhoEmanuelNunes,carvalhoemanuelnunes
"Cassell, David",term263,652,CassellDavid,casselldavid
"Castel-Bolognesi, Angelo",term117,265,CastelBolognesiAngelo,castelbolognesiangelo
"Castelar, Emilio",term961,108,CastelarEmilio,castelaremilio
"Castellar: Castelli, David",term573,111|347|697,CastellarCastelliDavid,castellarcastellidavid
"Castiglioni, Victor",term605,738|782,CastiglioniVictor,castiglionivictor
Castner,term829,92,Castner,castner
Castner Old Rome and New Italy,term431,296,CastnerOldRomeandNewItaly,castneroldromeandnewitaly
"Cavalieri, E.: Cavour, C.",term240,39|702,CavalieriECavourC,cavalieriecavourc
Centennial [1876],term646,144|145,Centennial,centennial
Centennial City,term368,162,CentennialCity,centennialcity
Chalizah,term842,18,Chalizah,chalizah
"Chalmers, Dr.",term141,21,ChalmersDr,chalmersdr
"Chalmers, Dr. Mamzer, law of the",term28,19|20|21,ChalmersDrMamzerlawofthe,chalmersdrmamzerlawofthe
Channing,term877,380,Channing,channing
Character of,term136,134|376|380,Characterof,characterof
Characters and Manners,term243,196,CharactersandManners,charactersandmanners
Charity,term651,8|35|304,Charity,charity
Charles III (King of Spain),term178,267,CharlesIIIKingofSpain,charlesiiikingofspain
Cherry Street,term521,291,CherryStreet,cherrystreet
"Cheyne, T. K.",term642,593,CheyneTK,cheynetk
Chiarini,term137,163|643|777|778,Chiarini,chiarini
"Chicago (""The White City"")",term888,739,ChicagoTheWhiteCity,chicagothewhitecity
"Childs, George W.",term657,643|777|778,ChildsGeorgeW,childsgeorgew
Chinese Exclusion Act,term458,231|555|732|768|817|818,ChineseExclusionAct,chineseexclusionact
Chizzuk Emunah,term621,105,ChizzukEmunah,chizzukemunah
"Chorin, Aaron",term703,36|62,ChorinAaron,chorinaaron
Chrestomathy,term51,211,Chrestomathy,chrestomathy
Christian evangelism,term476,37|38|59,Christianevangelism,christianevangelism
"Chumaceiro, J.",term111,549,ChumaceiroJ,chumaceiroj
"Cincinnati (""Queen City"")",term800,217|277,CincinnatiQueenCity,cincinnatiqueencity
Cincinnati College,term528,157,CincinnatiCollege,cincinnaticollege
City of Brotherly Love,term8,818,CityofBrotherlyLove,cityofbrotherlylove
City of Fidelity,term177,7,CityofFidelity,cityoffidelity
City of Homes,term297,309,CityofHomes,cityofhomes
City of Love,term816,7,CityofLove,cityoflove
City of Righteousness,term638,7,CityofRighteousness,cityofrighteousness
Civic patriotism,term1009,794,Civicpatriotism,civicpatriotism
Civil War,term386,22|23|24|25|26|28,CivilWar,civilwar
"Cleveland, Grover",term676,735,ClevelandGrover,clevelandgrover
Cloakmakers Strike,term164,718,CloakmakersStrike,cloakmakersstrike
Cloakmakers Union,term603,718,CloakmakersUnion,cloakmakersunion
"Cobden, William",term354,61,CobdenWilliam,cobdenwilliam
Cochebe Yizchak,term103,783,CochebeYizchak,cochebeyizchak
"Cogalniceano, Minister",term396,262,CogalniceanoMinister,cogalniceanominister
"Cohen, Abraham Hyman",term20,340,CohenAbrahamHyman,cohenabrahamhyman
"Cohen, Arthur",term584,752,CohenArthur,cohenarthur
"Cohen, Emanuel (of Scranton)",term577,487|489,CohenEmanuelofScranton,cohenemanuelofscranton
"Cohen, Hartwig",term508,340,CohenHartwig,cohenhartwig
"Cohen, Henry",term483,425|797,CohenHenry,cohenhenry
"Cohen, Jacob Raphael",term845,340,CohenJacobRaphael,cohenjacobraphael
Cohens,term928,340,Cohens,cohens
"Cohn, Albert",term301,186|226|239|239|270|287|288|520|701,CohnAlbert,cohnalbert
"Colenso, John William",term901,529|725,ColensoJohnWilliam,colensojohnwilliam
"Condillac, Etienne Bonnot de",term802,193,CondillacEtienneBonnotde,condillacetiennebonnotde
"Confederacy, The",term432,29,ConfederacyThe,confederacythe
Conference of Rabbis for Jewish Reform,term404,402|403,ConferenceofRabbisforJewishReform,conferenceofrabbisforjewishreform
Congress of Berlin,term502,219,CongressofBerlin,congressofberlin
"Congress of Orientalists, Florence",term689,322,CongressofOrientalistsFlorence,congressoforientalistsflorence
Constitution,term891,402,Constitution,constitution
"Constitution, American",term717,7|47|58,ConstitutionAmerican,constitutionamerican
"Constitution, American: Christianizing",term669,47|58,ConstitutionAmericanChristianizing,constitutionamericanchristianizing
Cooper Union,term371,638,CooperUnion,cooperunion
Copperheads,term176,28,Copperheads,copperheads
Corbin,term112,238,Corbin,corbin
Corri?re di Roma,term217,606,CorrirediRoma,corrirediroma
Corri?re Israelitico (of Trieste),term314,233|602|682|683|708,CorrireIsraeliticoofTrieste,corrireisraeliticooftrieste
Cortes,term815,262,Cortes,cortes
"Coucy, Moses of: Semag (Sefer Mitzvot Gadol)",term79,360,CoucyMosesofSemagSeferMitzvotGadol,coucymosesofsemagsefermitzvotgadol
"Craig, James A.",term399,607,CraigJamesA,craigjamesa
"Crane, Oliver Turnball",term237,607,CraneOliverTurnball,craneoliverturnball
Creating a unified American Rite,term790,32|34|36|130|139|387|572|608|698|769,CreatingaunifiedAmericanRite,creatingaunifiedamericanrite
Credit-Mobilier,term96,640,CreditMobilier,creditmobilier
Creeds and Opinions,term726,9,CreedsandOpinions,creedsandopinions
Cremation,term661,110|264,Cremation,cremation
"Cremieux, Isaac Adolphe",term491,214|254|257|258|260|262|411|520|674|752,CremieuxIsaacAdolphe,cremieuxisaacadolphe
"Crescas, Hasdai",term220,571,CrescasHasdai,crescashasdai
Criminality in,term37,742|745|794,Criminalityin,criminalityin
"Crispi, Francesco",term524,640,CrispiFrancesco,crispifrancesco
Crown Street,term806,17,CrownStreet,crownstreet
Cuba,term861,108,Cuba,cuba
"D?Aboddie, M.",term903,186,DAboddieM,daboddiem
"D?Harcourt, Duke",term43,61,DHarcourtDuke,dharcourtduke
"Daly, Charles P.",term682,351,DalyCharlesP,dalycharlesp
Dante Alighieri,term545,26,DanteAlighieri,dantealighieri
"Davids, Arthur Lumley",term86,181|184,DavidsArthurLumley,davidsarthurlumley
Day of Atonement (painting),term1030,280,DayofAtonementpainting,dayofatonementpainting
Deborah,term865,372|460,Deborah,deborah
"Delitzch, Franz",term414,39,DelitzchFranz,delitzchfranz
"Dembo, J. A.",term198,789,DemboJA,demboja
"Derenburg, Joseph",term759,177|437|607,DerenburgJoseph,derenburgjoseph
"Deutsch, Dr.",term905,310,DeutschDr,deutschdr
"Deutsch, Emanuel",term27,163,DeutschEmanuel,deutschemanuel
"Die j?dischen Frauen in der Geschichte, Literatur und Kunst",term146,657,DiejdischenFraueninderGeschichteLiteraturundKunst,diejdischenfrauenindergeschichteliteraturundkunst
"Disasters, natural & man-made",term425,2|31|42|44|61|74|75|358|406|457|513|622,Disastersnaturalmanmade,disastersnaturalmanmade
Discourse on the Resurrection of the Dead,term820,11|12|13|14|15|241,DiscourseontheResurrectionoftheDead,discourseontheresurrectionofthedead
Divrei Shir,term843,268,DivreiShir,divreishir
Domestic,term324,8|443|446,Domestic,domestic
"Donnolo, Sabbatei",term309,111,DonnoloSabbatei,donnolosabbatei
"Donolo, I.",term972,111|190,DonoloI,donoloi
"Drachman, Dr. Bernhard",term54,601|638|664|749|820|827,DrachmanDrBernhard,drachmandrbernhard
"Drexel, A. J.",term602,313,DrexelAJ,drexelaj
"Dropsie, Moses A.",term352,435,DropsieMosesA,dropsiemosesa
Dukes family,term941,36|204,Dukesfamily,dukesfamily
"Edelman, S. R.",term21,652,EdelmanSR,edelmansr
"Eger, Akiba",term484,447,EgerAkiba,egerakiba
"Ehrenreich, Moses Leve (of Rome)",term499,583|590|641,EhrenreichMosesLeveofRome,ehrenreichmosesleveofrome
"Eichholz, Adolph",term674,670,EichholzAdolph,eichholzadolph
"Einhorn, Dr.",term854,621,EinhornDr,einhorndr
"Eisenmenger, J. A.",term1032,163,EisenmengerJA,eisenmengerja
Elias of Vilna [Elijah / Vilna Gaon],term82,447,EliasofVilnaElijahVilnaGaon,eliasofvilnaelijahvilnagaon
"Eliot, George: Daniel Deronda",term1022,198,EliotGeorgeDanielDeronda,eliotgeorgedanielderonda
Elizabethgrad,term608,304,Elizabethgrad,elizabethgrad
"Elkin, Dr. M.",term1,71|90|259|418,ElkinDrM,elkindrm
Emanuel,term595,190,Emanuel,emanuel
Emanuel Preparatory School,term571,761,EmanuelPreparatorySchool,emanuelpreparatoryschool
Emanuel Theological Seminary,term135,761,EmanuelTheologicalSeminary,emanueltheologicalseminary
Emek Achor,term366,783,EmekAchor,emekachor
Emigrant Aid Society of New York,term914,320,EmigrantAidSocietyofNewYork,emigrantaidsocietyofnewyork
Emunath Israel-Oheb Shalom,term942,763,EmunathIsraelOhebShalom,emunathisraelohebshalom
Encyclopedia,term811,50|53|54|540|711,Encyclopedia,encyclopedia
Endelmann family,term442,36,Endelmannfamily,endelmannfamily
English antagonism,term663,7,Englishantagonism,englishantagonism
Entente cordiale,term56,61,Ententecordiale,ententecordiale
Episcopal Clerical Brotherhood,term409,752,EpiscopalClericalBrotherhood,episcopalclericalbrotherhood
"Eppinger, W.",term276,217,EppingerW,eppingerw
"Epstein, Dr.",term327,217|652,EpsteinDr,epsteindr
Equestrian statues,term902,643,Equestrianstatues,equestrianstatues
Erekh Millin,term67,801,ErekhMillin,erekhmillin
Essay on the Civil Disabilities of the Jews in England,term183,353,EssayontheCivilDisabilitiesoftheJewsinEngland,essayonthecivildisabilitiesofthejewsinengland
"Etheridge, J. W.: Pentateuchal Targumim",term670,208,EtheridgeJWPentateuchalTargumim,etheridgejwpentateuchaltargumim
"Etting, Ruben",term893,17,EttingRuben,ettingruben
"Euchel, Isaac: Life of Mendelssohn",term438,196,EuchelIsaacLifeofMendelssohn,euchelisaaclifeofmendelssohn
"Evening Call, The",term380,367,EveningCallThe,eveningcallthe
Everett,term879,29,Everett,everett
"Ewald, H.",term148,39|194|313,EwaldH,ewaldh
"Ezekial, Moses",term909,164|166|606|755,EzekialMoses,ezekialmoses
Falashas,term454,186|421|479|480|481|482|483|484|485,Falashas,falashas
"Faustmann, Bernhardt H.",term205,308,FaustmannBernhardtH,faustmannbernhardth
"Feinberg, Isaac",term85,829,FeinbergIsaac,feinbergisaac
"Felsenthal, Bernhard (Rabbi)",term1002,607|805,FelsenthalBernhardRabbi,felsenthalbernhardrabbi
Female Beneficial Society,term647,249,FemaleBeneficialSociety,femalebeneficialsociety
Female Benevolent Association,term110,291,FemaleBenevolentAssociation,femalebenevolentassociation
Female Hebrew Benevolent Society,term40,410|647|653,FemaleHebrewBenevolentSociety,femalehebrewbenevolentsociety
Ferarra,term640,328,Ferarra,ferarra
"Filipowsky, Herschell",term159,188,FilipowskyHerschell,filipowskyherschell
"Finzi, Mrs. Judith",term541,536,FinziMrsJudith,finzimrsjudith
"Fiorentino, Abram & Samuel",term295,681,FiorentinoAbramSamuel,fiorentinoabramsamuel
"Fleischman, Rev. S. M.",term356,829,FleischmanRevSM,fleischmanrevsm
"Florance, Hannah",term769,291,FloranceHannah,florancehannah
Foltischeni (Moldavia),term804,262,FoltischeniMoldavia,foltischenimoldavia
"Fontana, Ferdinando",term742,710,FontanaFerdinando,fontanaferdinando
"Formiggini, Saul",term946,191|194|203|204|782,FormigginiSaul,formigginisaul
Fornakari:,term213,316,Fornakari,fornakari
Fould,term598,262|708|752,Fould,fould
"Fox, Daniel M.",term840,71,FoxDanielM,foxdanielm
"Fox, George",term596,309,FoxGeorge,foxgeorge
"France, Central Consistory of",term401,273,FranceCentralConsistoryof,francecentralconsistoryof
"Franchetti, Alberto",term268,709|710,FranchettiAlberto,franchettialberto
"Franchetti, Augusto",term611,709,FranchettiAugusto,franchettiaugusto
"Franchetti, Guiseppe",term830,709,FranchettiGuiseppe,franchettiguiseppe
"Franchetti, Odoardo",term55,709,FranchettiOdoardo,franchettiodoardo
"Francis I, King",term398,204,FrancisIKing,francisiking
"Francis Joseph, Emperor of Austro-Hungary",term697,355,FrancisJosephEmperorofAustroHungary,francisjosephemperorofaustrohungary
Franck,term316,262,Franck,franck
Franco-Prussian War,term167,57|61,FrancoPrussianWar,francoprussianwar
"Frankel, I.",term157,549,FrankelI,frankeli
"Frankel, Jacob",term935,259|589,FrankelJacob,frankeljacob
"Frankel, Lee K.",term836,797,FrankelLeeK,frankelleek
"Frankel, Zecheriah",term871,226|233|283,FrankelZecheriah,frankelzecheriah
"Frankl, Ludwig A.",term274,783,FranklLudwigA,franklludwiga
"Franklin, Benjamin",term650,142,FranklinBenjamin,franklinbenjamin
"Franks, Levi",term72,17,FranksLevi,frankslevi
"Franz Ferdinand, Archduke",term1026,190,FranzFerdinandArchduke,franzferdinandarchduke
Fraud charge,term417,38,Fraudcharge,fraudcharge
"Frazer, Prof.",term179,400,FrazerProf,frazerprof
Frederic the Great,term170,10,FrederictheGreat,fredericthegreat
"Frederic, Harold",term912,736,FredericHarold,fredericharold
Frederick III of Prussia,term344,637,FrederickIIIofPrussia,frederickiiiofprussia
"Freeman, E. A.",term473,182,FreemanEA,freemanea
"Friedenwald, A.",term1005,85,FriedenwaldA,friedenwalda
"Friedman, Emil",term379,793|803,FriedmanEmil,friedmanemil
Fuel Society,term617,249,FuelSociety,fuelsociety
Galicia,term565,49,Galicia,galicia
"Gans, Daniel",term7,8,GansDaniel,gansdaniel
"Gans, Solomon",term786,829,GansSolomon,ganssolomon
"Garfield, James Abram",term456,293|297|298|426|427,GarfieldJamesAbram,garfieldjamesabram
"Garibaldi, Guiseppe",term534,57,GaribaldiGuiseppe,garibaldiguiseppe
Gazzetta de Montova,term783,708,GazzettadeMontova,gazzettademontova
"Geiger, Abraham",term63,226|285,GeigerAbraham,geigerabraham
"Gellat, Roland B.",term349,720,GellatRolandB,gellatrolandb
"George, Henry",term513,651,GeorgeHenry,georgehenry
Gersonides,term586,564,Gersonides,gersonides
"Gesenius, H.",term685,40|194|280|374,GeseniusH,geseniush
Gessner,term724,270,Gessner,gessner
"Ghirondi, Marco S.",term298,782,GhirondiMarcoS,ghirondimarcos
"Gibbon, Edward",term317,380,GibbonEdward,gibbonedward
"Ginzburg, Raphael W.",term373,192,GinzburgRaphaelW,ginzburgraphaelw
Gironti (of Brescia),term978,192,GirontiofBrescia,girontiofbrescia
"Gladstone, William",term470,742,GladstoneWilliam,gladstonewilliam
"Goldammer, Dr.",term519,217|241,GoldammerDr,goldammerdr
Goldschmidt,term923,604,Goldschmidt,goldschmidt
"Goldschmidt, S. H.",term283,437,GoldschmidtSH,goldschmidtsh
"Goldsmid, Franics",term125,713,GoldsmidFranics,goldsmidfranics
"Goldsmid, Julian",term620,713,GoldsmidJulian,goldsmidjulian
"Gottheil, [Gustav] Dr.",term944,264|717,GottheilGustavDr,gottheilgustavdr
"Gottheil, Richard",term538,593|607,GottheilRichard,gottheilrichard
"Graeber, Eisig (of Przemysl)",term771,319|323|453|570|583|604,GraeberEisigofPrzemysl,graebereisigofprzemysl
"Graetz, Dr. Heinrich",term1013,118|279|288|359|504|520|652|697,GraetzDrHeinrich,graetzdrheinrich
"Grant, Ulysses S.",term131,406|543,GrantUlyssesS,grantulyssess
Gratz College,term328,792,GratzCollege,gratzcollege
Gratz family,term869,340,Gratzfamily,gratzfamily
"Gratz, Michael",term932,17,GratzMichael,gratzmichael
"Gratz, Rebecca",term260,17|291|292|416,GratzRebecca,gratzrebecca
"Gratz, Simeon",term841,17|140,GratzSimeon,gratzsimeon
"Greely, Horace",term837,89,GreelyHorace,greelyhorace
"Green, Rev. A. L.",term460,103,GreenRevAL,greenreval
"Griggs, Governor",term517,797,GriggsGovernor,griggsgovernor
"Guedalia, Moses",term590,630,GuedaliaMoses,guedaliamoses
"Guedalla, Hayim",term683,451,GuedallaHayim,guedallahayim
"Guenee, Abbott",term936,458,GueneeAbbott,gueneeabbott
"Guinsburg, Theodore",term232,781,GuinsburgTheodore,guinsburgtheodore
"Guttman, Dr. A. (of Syracuse)",term568,594,GuttmanDrAofSyracuse,guttmandraofsyracuse
Ha-Kerem,term753,652,HaKerem,hakerem
Ha-Maggid,term31,48|94|294|598|677,HaMaggid,hamaggid
Ha-Melitz,term310,652,HaMelitz,hamelitz
Ha-Oheb,term200,334,HaOheb,haoheb
"Hahn, Dr. Aaron (of Cleveland)",term70,264|279,HahnDrAaronofCleveland,hahndraaronofcleveland
Halberstam (of Bielitz),term1001,583,HalberstamofBielitz,halberstamofbielitz
Halevy,term951,262,Halevy,halevy
Hallevi,term83,39,Hallevi,hallevi
"Hallevi, Joseph",term239,422,HalleviJoseph,hallevijoseph
HaMadrich Al Bamothe Yam Ha-Talmud,term828,352,HaMadrichAlBamotheYamHaTalmud,hamadrichalbamotheyamhatalmud
Hamburg,term600,62,Hamburg,hamburg
Hanuccah,term490,99|255|277|308|648,Hanuccah,hanuccah
"Harkavy, Albert",term259,447,HarkavyAlbert,harkavyalbert
"Harper, Robert F.",term275,593|607,HarperRobertF,harperrobertf
"Harper, William R.",term1036,593,HarperWilliamR,harperwilliamr
"Harrison, [Benjamin]",term764,735|762,HarrisonBenjamin,harrisonbenjamin
"Harrison, Carter H.",term785,739,HarrisonCarterH,harrisoncarterh
"Hart, Abraham",term88,537,HartAbraham,hartabraham
"Hart, Abram L.",term833,249,HartAbramL,hartabraml
"Hart, Bluma",term467,512,HartBluma,hartbluma
"Hart, Louisa B.",term862,291|508,HartLouisaB,hartlouisab
"Hart, Mrs.",term89,410,HartMrs,hartmrs
"Hart, Rebecca C.",term434,291|510,HartRebeccaC,hartrebeccac
"Hart, Sara H.",term665,27,HartSaraH,hartsarah
"Hartenstein, Daniel",term219,447,HartensteinDaniel,hartensteindaniel
"Hartog, Numa Edward",term185,184,HartogNumaEdward,hartognumaedward
"Hartogensis, B. H.",term634,750,HartogensisBH,hartogensisbh
"Hassler, Mark",term821,17,HasslerMark,hasslermark
Hebrew,term1014,109|694|695|696|743,Hebrew,hebrew
Hebrew Bible,term655,784,HebrewBible,hebrewbible
Hebrew Calendar,term292,63,HebrewCalendar,hebrewcalendar
Hebrew catechism,term134,756,Hebrewcatechism,hebrewcatechism
Hebrew Charitable Fund,term251,496,HebrewCharitableFund,hebrewcharitablefund
Hebrew Education Society School,term224,77|90|109|157|466|729,HebrewEducationSocietySchool,hebreweducationsocietyschool
Hebrew Emigrant Society,term624,324,HebrewEmigrantSociety,hebrewemigrantsociety
Hebrew Literary Association,term746,560|562|564|571,HebrewLiteraryAssociation,hebrewliteraryassociation
Hebrew Literary Society,term66,522|523|526|670|675|695,HebrewLiterarySociety,hebrewliterarysociety
Hebrew Ministers of Philadelphia,term428,549,HebrewMinistersofPhiladelphia,hebrewministersofphiladelphia
Hebrew Relief Association,term711,35,HebrewReliefAssociation,hebrewreliefassociation
"Hebrew Review, The",term50,181|277|281|282|283|285,HebrewReviewThe,hebrewreviewthe
Hebrew Sunday School of Philadelphia,term412,471|474|501|654|723|750,HebrewSundaySchoolofPhiladelphia,hebrewsundayschoolofphiladelphia
Hebrew Union College (Cincinnati),term441,216|349,HebrewUnionCollegeCincinnati,hebrewunioncollegecincinnati
"Heilprin, Heilprin",term26,634|681,HeilprinHeilprin,heilprinheilprin
"Hendricks, Thomas A.",term554,552,HendricksThomasA,hendricksthomasa
"Henry, Michael",term601,184,HenryMichael,henrymichael
"Henry, Mr.",term5,425,HenryMr,henrymr
"Herder, J. G.",term1017,339,HerderJG,herderjg
Herodotus,term881,375,Herodotus,herodotus
"Hertz, Joseph H.",term740,736|780|781|787|788|793|803|820,HertzJosephH,hertzjosephh
"Herz, Joseph (see Hertz, Joseph H.):",term613,736|780|781|787|788|793|803|820,HerzJosephseeHertzJosephH,herzjosephseehertzjosephh
Herzfeld,term166,288,Herzfeld,herzfeld
"Hess, Mr.",term439,217,HessMr,hessmr
Higher biblical criticism,term39,3|4|16|17|725|730|734|744,Higherbiblicalcriticism,higherbiblicalcriticism
"Hirsch, D. Gordon",term510,677,HirschDGordon,hirschdgordon
"Hirsch, M. C.",term71,455,HirschMC,hirschmc
"Hirsch, Moses de",term880,214|237|520|634|676|677|678|679|680|681|682|716|717|723,HirschMosesde,hirschmosesde
"Hirsch, Samuel",term803,52|71|237|342|344|372|525,HirschSamuel,hirschsamuel
Historical Memoirs of the Hebrew Community of Ferrara,term911,265,HistoricalMemoirsoftheHebrewCommunityofFerrara,historicalmemoirsofthehebrewcommunityofferrara
History of the Hebrew Second Commonwealth,term321,474,HistoryoftheHebrewSecondCommonwealth,historyofthehebrewsecondcommonwealth
History of the Jewish Nation,term241,3|40,HistoryoftheJewishNation,historyofthejewishnation
History of the Jews,term350,781,HistoryoftheJews,historyofthejews
History of the Jews of England in the Eleventh and Twelfth Centuries,term99,602,HistoryoftheJewsofEnglandintheEleventhandTwelfthCenturies,historyofthejewsofenglandintheeleventhandtwelfthcenturies
Hitzig,term46,313,Hitzig,hitzig
Hoeel Moshe,term763,311|604,HoeelMoshe,hoeelmoshe
"Hoffman, Charles",term264,675,HoffmanCharles,hoffmancharles
"Hoffman, David",term851,675,HoffmanDavid,hoffmandavid
"Hoffman, Senator",term3,797,HoffmanSenator,hoffmansenator
"Holdheim, I.",term280,9,HoldheimI,holdheimi
Home for Aged and Infirm Israelites,term643,686,HomeforAgedandInfirmIsraelites,homeforagedandinfirmisraelites
"Hoyt, Mr.",term556,423,HoytMr,hoytmr
"Huebsch, Dr.",term270,264|761,HuebschDr,huebschdr
Humbert IV,term342,457,HumbertIV,humbertiv
"Humboldt, Alexander von",term436,579,HumboldtAlexandervon,humboldtalexandervon
"Hunt, Isaac",term448,829,HuntIsaac,huntisaac
"Hurt, Abraham",term104,208,HurtAbraham,hurtabraham
"Hyneman, Samuel",term831,829,HynemanSamuel,hynemansamuel
"Ibn Ezra, Abraham",term16,3|5|6|40|663,IbnEzraAbraham,ibnezraabraham
"Ibn Ganach, Jonah",term364,40|683,IbnGanachJonah,ibnganachjonah
"Ibn Saruq, Menachem ben Jacob",term744,187|188,IbnSaruqMenachembenJacob,ibnsaruqmenachembenjacob
"Ibn Shaprut, Hisdai",term749,186|188,IbnShaprutHisdai,ibnshapruthisdai
"Ibn Tibbon, Samuel",term488,526,IbnTibbonSamuel,ibntibbonsamuel
Igel of Lemberg,term718,640,IgelofLemberg,igeloflemberg
"Ignatieff, Count Nikolai Pavlovich",term389,321,IgnatieffCountNikolaiPavlovich,ignatieffcountnikolaipavlovich
"Illowizi, Henry",term130,733|753|829,IllowiziHenry,illowizihenry
Illustrazione Italiane,term728,705,IllustrazioneItaliane,illustrazioneitaliane
Immanuel of Rome,term758,114|115|116|117|118|119|120|121,ImmanuelofRome,immanuelofrome
Immigration,term91,142,Immigration,immigration
Index raison?e des livres de correspondance du feu SD Luzzatto,term374,225|226|229|234|453,IndexraisonedeslivresdecorrespondancedufeuSDLuzzatto,indexraisonedeslivresdecorrespondancedufeusdluzzatto
Industrial Education,term303,333,IndustrialEducation,industrialeducation
Industrial School,term38,263|736,IndustrialSchool,industrialschool
Ingersoll,term536,490,Ingersoll,ingersoll
"Inspiring Hope, The",term126,146|147|149|151|152|153|154|156|158|159|160|161,InspiringHopeThe,inspiringhopethe
"Isaacs, Dr. A. S",term566,442,IsaacsDrAS,isaacsdras
"Isaacs, Henry Aaron",term625,713,IsaacsHenryAaron,isaacshenryaaron
"Isaacs, S. Meyer Rev",term963,17|215|304|310|442,IsaacsSMeyerRev,isaacssmeyerrev
"Isidor, Rabbi L.",term180,273|437,IsidorRabbiL,isidorrabbil
"Israelite, The",term701,40,IsraeliteThe,israelitethe
Israelitish Review,term30,65,IsraelitishReview,israelitishreview
Italian,term62,111|112|113|114|115|116|117|118|119|120|121|122|123|124|125|126|127,Italian,italian
Italian artisans,term184,148,Italianartisans,italianartisans
Italian Jewish Liturgy,term343,581|755,ItalianJewishLiturgy,italianjewishliturgy
Italian Jewry,term695,579,ItalianJewry,italianjewry
Italy,term913,26|42|61,Italy,italy
Jacobs,term341,418,Jacobs,jacobs
"Jacobs, George (Rev.)",term108,71|90|259|395|396,JacobsGeorgeRev,jacobsgeorgerev
"Jacobs, Henry S.",term333,90|667|820|827,JacobsHenryS,jacobshenrys
Jahweh,term32,639,Jahweh,jahweh
"Jastrow, Marcus",term937,502|589,JastrowMarcus,jastrowmarcus
"Jastrow, Morris",term960,71|90,JastrowMorris,jastrowmorris
"Jefferson, Thomas",term1016,142,JeffersonThomas,jeffersonthomas
"Jeitelles, Judah",term337,48|208,JeitellesJudah,jeitellesjudah
"Jellinek, Dr. Adolph",term361,49|600|801,JellinekDrAdolph,jellinekdradolph
Jerusalem,term278,9|107|381|663,Jerusalem,jerusalem
"Jessel, George",term464,341|752,JesselGeorge,jesselgeorge
Jesus Christ et sa Doctrine,term372,105,JesusChristetsaDoctrine,jesuschristetsadoctrine
"Jewish Chronicle, The (London)",term952,103|184|252|617,JewishChronicleTheLondon,jewishchroniclethelondon
Jewish Exponent (Philadelphia),term445,593|594|595|596|597|598|599|600|602|603|604|606|607|615|616|617|623|626|627|628|629|630|631|632|633|634|635|636|638|639|640|644|647|648|649|650|651|652|654|655|657|658|659|660|661|662|663|666|667|668|669|670|671|672|673|674|675|680|682|683|684|685|687|688|689|690|691|692|699|712|713|714|717|722|723|724|725|726|727|728|729|750|754|768|770|779|785|786|788|789|790|795|809|810|811|815|829,JewishExponentPhiladelphia,jewishexponentphiladelphia
"Jewish Foster Home and Orphan Asylum, Philadelphia",term161,8|263|291|333|426|467|640|653,JewishFosterHomeandOrphanAsylumPhiladelphia,jewishfosterhomeandorphanasylumphiladelphia
"Jewish Foster Home Society, Philadelphia",term704,8|263|497|498|499,JewishFosterHomeSocietyPhiladelphia,jewishfosterhomesocietyphiladelphia
"Jewish Hospital and Home of the Aged, Philadelphia",term323,106|500,JewishHospitalandHomeoftheAgedPhiladelphia,jewishhospitalandhomeoftheagedphiladelphia
Jewish Hospital of Cincinnati,term809,63|64|65|66|67|68|69|70|71|72|73|74|75|76|77|78|79|80|81|82|83|84|85|86|87|88|89|90|91|92|93|94|95|96|97|98|99|100|101|102|103|104,JewishHospitalofCincinnati,jewishhospitalofcincinnati
"Jewish Index, The",term973,63|64|65|66|67|68|69|70|71|72|73|74|75|76|77|78|79|80|81|82|83|84|85|86|87|88|89|90|91|92|93|94|95|96|97|98|99|100|101|102|103|104,JewishIndexThe,jewishindexthe
Jewish Messenger,term622,11|12|13|14|15|16|17|18|19|20|21|22|23|25|27|32|33|34|35|36|38|40|41|46|48|49|50|52|53|54|60|62|107|108|109|111|112|113|114|115|116|117|118|119|120|121|122|123|124|125|126|127|128|135|136|138|139|141|215|218|221|222|224|310|540|541|542|737|782|783|812|822|825,JewishMessenger,jewishmessenger
Jewish Ministers Association,term1011,520|594,JewishMinistersAssociation,jewishministersassociation
"Jewish Orphan Asylum at Cleveland, Ohio",term582,659,JewishOrphanAsylumatClevelandOhio,jewishorphanasylumatclevelandohio
"Jewish Press, The",term710,218,JewishPressThe,jewishpressthe
"Jewish Record, The",term967,131|132|133|134|135|136|138|139|141|143|144|146|147|148|149|150|151|152|153|154|155|156|157|158|159|160|161|162|163|165|166|167|168|169|170|171|172|173|174|176|177|178|179|182|185|186|187|188|190|191|192,JewishRecordThe,jewishrecordthe
Jewish Theological Seminary,term203,563|566|567|568|569|572|575|578|588|604|605|608|638|641|664|669|714|715|723|730|731|737|743|744|749|751|758|760|761|780|781|793|803|822|825|829,JewishTheologicalSeminary,jewishtheologicalseminary
Jewish Women,term1034,81|292|601|604,JewishWomen,jewishwomen
Jews move west in,term693,17,Jewsmovewestin,jewsmovewestin
"Johnson, Andrew",term636,30,JohnsonAndrew,johnsonandrew
"Jonah, Solomon",term910,138,JonahSolomon,jonahsolomon
"Jones, Alfred",term535,455|776,JonesAlfred,jonesalfred
"Jones, Horatio Gates",term119,144|166,JonesHoratioGates,joneshoratiogates
"Jones, Jessica",term457,771,JonesJessica,jonesjessica
"Joseph II, H. R. E.",term873,10,JosephIIHRE,josephiihre
"Josephson, J.",term610,805,JosephsonJ,josephsonj
"Jost, Isaac M.",term158,194|285|288,JostIsaacM,jostisaacm
Judaism and Christianity: Their Agreements and Disagreements,term204,356,JudaismandChristianityTheirAgreementsandDisagreements,judaismandchristianitytheiragreementsanddisagreements
Judaism in Sicily,term216,267,JudaisminSicily,judaisminsicily
Juedische Zeitschrift,term962,206,JuedischeZeitschrift,juedischezeitschrift
Julianna Street,term315,17,JuliannaStreet,juliannastreet
"Kaas, Catherine",term189,631,KaasCatherine,kaascatherine
"Kalir, Eleazar",term346,112,KalirEleazar,kalireleazar
"Kalisch, Dr. Isidor",term29,18|307,KalischDrIsidor,kalischdrisidor
"Kaufmann, David",term48,230|233|234|235|652,KaufmannDavid,kaufmanndavid
"Kaufmann, Jacob",term42,308,KaufmannJacob,kaufmannjacob
"Kayserling, Dr. M.",term234,45,KayserlingDrM,kayserlingdrm
"Keiley, Ambassador",term496,558,KeileyAmbassador,keileyambassador
Keneseth Israel,term246,310|373|467,KenesethIsrael,kenesethisrael
Kerem Chemed,term794,801,KeremChemed,keremchemed
"Keys, Abraham Israel",term784,340,KeysAbrahamIsrael,keysabrahamisrael
"Keyser, Charles S.",term983,166,KeyserCharlesS,keysercharless
Keystone State,term320,23|108,KeystoneState,keystonestate
Kiev,term447,303,Kiev,kiev
"Kimchi, David",term291,523|524,KimchiDavid,kimchidavid
Kinor Nangim,term44,270,KinorNangim,kinornangim
Kircheim,term738,204,Kircheim,kircheim
"Kirkovitch, Abraham",term210,176|204,KirkovitchAbraham,kirkovitchabraham
"Klein, Moses",term723,805,KleinMoses,kleinmoses
Knownothingism,term587,7,Knownothingism,knownothingism
Kochebe Yitzhac,term532,194,KochebeYitzhac,kochebeyitzhac
"Kohler, Kaufmann",term900,281|282|283|285|352|372|527|528|529|530|531|532|621|761,KohlerKaufmann,kohlerkaufmann
"Kohut, Dr. Alexander",term512,113|594|601|668|749|779|781|820|827,KohutDrAlexander,kohutdralexander
"Kossuth, Louis",term288,634,KossuthLouis,kossuthlouis
Krause,term465,763,Krause,krause
"Krochmal, N.",term639,229,KrochmalN,krochmaln
"Kuenen, Abraham",term667,313|529|621,KuenenAbraham,kuenenabraham
"Kutner, Rabbi",term588,217,KutnerRabbi,kutnerrabbi
L?Univers Isra?lite,term1024,294|334,LUniversIsralite,luniversisralite
L.L.D. conferred,term604,608|609|610|611|612|614|615|616|617|618|620,LLDconferred,lldconferred
La Nazione,term687,707,LaNazione,lanazione
"Labour, condition of",term250,7|145,Labourconditionof,labourconditionof
"Labrat, Dounash ben",term420,187|188,LabratDounashben,labratdounashben
"Lafayette, General de",term904,57|262,LafayetteGeneralde,lafayettegeneralde
"Lambroso, G.",term479,565,LambrosoG,lambrosog
"Lampronti, Isaac",term576,127|265|268|347,LamprontiIsaac,lamprontiisaac
Land Tenure,term249,608,LandTenure,landtenure
"Landsberg, Dr. Max (of Rochester, N. Y.)",term780,295|594,LandsbergDrMaxofRochesterNY,landsbergdrmaxofrochesterny
"Lapuya, Isaac Lopez",term61,598,LapuyaIsaacLopez,lapuyaisaaclopez
"Lara, Countess",term285,606,LaraCountess,laracountess
"Lasinio, Fausto",term529,235,LasinioFausto,lasiniofausto
"Lasker, E.",term654,278,LaskerE,laskere
"Lasker, Edward",term889,371|441,LaskerEdward,laskeredward
"Lasker, Rev. (of Boston)",term1010,594,LaskerRevofBoston,laskerrevofboston
"Lattes, E. Aaron (Chief Rabbi of Venice)",term377,204,LattesEAaronChiefRabbiofVenice,latteseaaronchiefrabbiofvenice
"Lattes, Joseph Rabbi (of Reggio Emilia)",term671,250,LattesJosephRabbiofReggioEmilia,lattesjosephrabbiofreggioemilia
"Lattes, Moses",term575,357,LattesMoses,lattesmoses
"Lavater, Johan Casper",term696,39,LavaterJohanCasper,lavaterjohancasper
"Lazarus, Emma",term435,335|645|646|664,LazarusEmma,lazarusemma
"Lazarus, Henry",term375,249,LazarusHenry,lazarushenry
Le France Juive,term378,685,LeFranceJuive,lefrancejuive
Lebanon,term199,268,Lebanon,lebanon
"Lebensohn, A. D.",term949,447,LebensohnAD,lebensohnad
"Lebrecht, F.",term945,229,LebrechtF,lebrechtf
"Lederer, Ephraim",term644,675,LedererEphraim,ledererephraim
"Leeser, Rev I.",term511,17|35|43|77|212|310|340|345|608|700,LeeserRevI,leeserrevi
Leghorn,term922,17|347|565,Leghorn,leghorn
"Leghorn, Chief Rabbi of",term489,62|346,LeghornChiefRabbiof,leghornchiefrabbiof
"Lehmann, L.",term468,437,LehmannL,lehmannl
"Leipziger, Henry M.",term497,797,LeipzigerHenryM,leipzigerhenrym
"Leir, Benedict (Chief Rabbi of Ferrara)",term817,268,LeirBenedictChiefRabbiofFerrara,leirbenedictchiefrabbiofferrara
Lemberg,term2,49,Lemberg,lemberg
Leo XIII,term384,665,LeoXIII,leoxiii
"Leone, Salomon",term808,665,LeoneSalomon,leonesalomon
Leroy-Beaulieu,term235,736,LeroyBeaulieu,leroybeaulieu
Lessing,term123,270|339,Lessing,lessing
Lessons in Moral Theology,term58,65|68|70|73|78|83|86|91|95|98|101,LessonsinMoralTheology,lessonsinmoraltheology
"Letteris, Mayer M.",term78,46|48|447,LetterisMayerM,letterismayerm
"Leven, N.",term515,437,LevenN,levenn
"Levi, Benedict (Chief Rabbi of Ferrar)",term552,265|292|357,LeviBenedictChiefRabbiofFerrar,levibenedictchiefrabbiofferrar
"Levi, David (of Turin)",term715,103|706|707,LeviDavidofTurin,levidavidofturin
"Levi, G. E. (of Corfu)",term509,604,LeviGEofCorfu,levigeofcorfu
"Levy, J. Leonard",term227,805,LevyJLeonard,levyjleonard
"Levy, Nathan",term853,341,LevyNathan,levynathan
"Levy, Rabbi (of Trieste)",term719,196,LevyRabbiofTrieste,levyrabbioftrieste
Liberty Bell,term221,739,LibertyBell,libertybell
"Lilienthal, Dr. M.",term22,217|225|277|413,LilienthalDrM,lilienthaldrm
"Lincoln, Abraham",term938,22|24|29|254|816|830,LincolnAbraham,lincolnabraham
Lippincott?s Magazine,term940,163,LippincottsMagazine,lippincottsmagazine
Liquor dens,term591,517,Liquordens,liquordens
Literary associations,term102,1,Literaryassociations,literaryassociations
Liturgy,term41,224,Liturgy,liturgy
"Locke, John",term856,193,LockeJohn,lockejohn
"Loeb, Isidore M.",term451,437|597|598,LoebIsidoreM,loebisidorem
"Loeb, Matilde Adler",term551,253,LoebMatildeAdler,loebmatildeadler
"Loeb, Moritz",term917,730|773,LoebMoritz,loebmoritz
Loewe,term336,257,Loewe,loewe
"Loewenberg, Cantor W.",term776,217,LoewenbergCantorW,loewenbergcantorw
"Lolli, Ehud",term773,191|196,LolliEhud,lolliehud
"Lolli, Judah",term812,200,LolliJudah,lollijudah
"Lolli, S. V.",term36,196|200|782,LolliSV,lollisv
London Jewish Press,term329,713,LondonJewishPress,londonjewishpress
London Times,term376,688,LondonTimes,londontimes
London?s Jewish Lord Mayor,term238,713,LondonsJewishLordMayor,londonsjewishlordmayor
"Loria, Amos (of Mantua)",term927,357,LoriaAmosofMantua,loriaamosofmantua
Louisa B. Hart Sewing School,term202,433,LouisaBHartSewingSchool,louisabhartsewingschool
"Lowell, James Russell",term319,457,LowellJamesRussell,lowelljamesrussell
"Luzzatti, Luigi",term868,708,LuzzattiLuigi,luzzattiluigi
Luzzatto family,term188,127|783,Luzzattofamily,luzzattofamily
"Luzzatto, Dr. Isaiah",term357,190|191|192|199|200|201|225|233,LuzzattoDrIsaiah,luzzattodrisaiah
"Luzzatto, Hezekiah",term678,190,LuzzattoHezekiah,luzzattohezekiah
"Luzzatto, Joseph",term832,212,LuzzattoJoseph,luzzattojoseph
"Luzzatto, Moses Hayyim",term898,346,LuzzattoMosesHayyim,luzzattomoseshayyim
"Luzzatto, Philoxene",term370,185|186|191|194|203|204|206|782,LuzzattoPhiloxene,luzzattophiloxene
"Luzzatto, S.D. Prof.",term449,3|10|16|40|43|46|48|105|177|186|187|191|226|229|233|234|235|270|310|311|319|323|336|345|374|453|472|473|480|581|590|603|641|705,LuzzattoSDProf,luzzattosdprof
"Macaulay, Thomas B.",term144,175|309|330|746,MacaulayThomasB,macaulaythomasb
"Madison, James",term446,17|746,MadisonJames,madisonjames
Maimonides College,term60,40|157,MaimonidesCollege,maimonidescollege
"Maimonides, Moses",term267,33|222|244|266|270|475,MaimonidesMoses,maimonidesmoses
"Mainster, Abram (of Robigo)",term883,199|357,MainsterAbramofRobigo,mainsterabramofrobigo
"Maisner, Moses",term1040,820|827,MaisnerMoses,maisnermoses
"Malvano, Alessandro",term557,703,MalvanoAlessandro,malvanoalessandro
"Manin, Daniel",term1019,738,ManinDaniel,manindaniel
"Mapu, Abraham",term1038,447,MapuAbraham,mapuabraham
"Maraches, The",term870,340,MarachesThe,marachesthe
"Marcus, Alfred A.",term848,630,MarcusAlfredA,marcusalfreda
"Marcus, Mrs. Kate",term478,592|774,MarcusMrsKate,marcusmrskate
"Markses, The",term897,340,MarksesThe,marksesthe
Marranos of Hamburg,term500,676,MarranosofHamburg,marranosofhamburg
Maryland,term981,28,Maryland,maryland
"Massarani, Tullo",term991,704|705,MassaraniTullo,massaranitullo
"Mastbaum, Levi",term1025,829,MastbaumLevi,mastbaumlevi
"Maurogonato, Isaac Pesaro",term757,702|738,MaurogonatoIsaacPesaro,maurogonatoisaacpesaro
May Laws,term553,450,MayLaws,maylaws
"Mayer, Lazarus",term13,829,MayerLazarus,mayerlazarus
"Mayer, Samuel",term87,775,MayerSamuel,mayersamuel
"Mazzini, Joseph",term748,164|166|213|428|634|701|734|747,MazziniJoseph,mazzinijoseph
"McMichael, Morton",term294,412|417,McMichaelMorton,mcmichaelmorton
"Meade, General",term273,76|643,MeadeGeneral,meadegeneral
Meassephim,term248,48,Meassephim,meassephim
"Medigo, Elias Del",term173,122|190,MedigoEliasDel,medigoeliasdel
"Meisels, I. S.",term760,657,MeiselsIS,meiselsis
Mekizei Nirdamim,term397,347,MekizeiNirdamim,mekizeinirdamim
Meldola,term284,599,Meldola,meldola
Melikoff,term92,278,Melikoff,melikoff
"Melli, Chief Rabbi",term338,265,MelliChiefRabbi,mellichiefrabbi
"Mendelssohn, Dorothea",term755,288,MendelssohnDorothea,mendelssohndorothea
"Mendelssohn, Henrietta",term156,288,MendelssohnHenrietta,mendelssohnhenrietta
"Mendelssohn, Moses",term222,39|107|177|190|198|271|277|337|339|373|377|520|561|723|767,MendelssohnMoses,mendelssohnmoses
"Mendelssohn, Samuel",term735,103,MendelssohnSamuel,mendelssohnsamuel
"Mendes, A. P.",term206,545,MendesAP,mendesap
"Mendes, Dr. F. De Solla",term330,177|820|827,MendesDrFDeSolla,mendesdrfdesolla
"Mendes, H. Pereira",term616,621|630|677|731|749|780|820|827,MendesHPereira,mendeshpereira
Menorah Monthly,term956,693|694|695|696|701|702|703|704|705|706|707|708|709|710,MenorahMonthly,menorahmonthly
Menzini,term302,270,Menzini,menzini
Messianic faith,term463,405,Messianicfaith,messianicfaith
Metastasio,term462,48,Metastasio,metastasio
"Metternich, Prince C.",term256,701,MetternichPrinceC,metternichprincec
"Meyerbeer, G.",term795,39,MeyerbeerG,meyerbeerg
"Meyerhoff, M. S.",term574,455,MeyerhoffMS,meyerhoffms
"Michael, H. I.",term507,23,MichaelHI,michaelhi
Mikveh Israel,term867,17|108|305|340|412|436|438|439|440,MikvehIsrael,mikvehisrael
Milchamoth Chobah,term767,105|560,MilchamothChobah,milchamothchobah
Military draft,term791,49,Militarydraft,militarydraft
"Milligan, Rev. J. C. K.",term236,577,MilliganRevJCK,milliganrevjck
"Minhag (Rite), Sephardic",term998,608,MinhagRiteSephardic,minhagritesephardic
Minhag and Prayer,term982,84,MinhagandPrayer,minhagandprayer
Minister?s Conference,term641,519,MinistersConference,ministersconference
"Mitchell, Mrs.",term857,411,MitchellMrs,mitchellmrs
"Modena, Leon de",term649,62|105,ModenaLeonde,modenaleonde
Modern,term550,46|48,Modern,modern
Modernity,term979,87,Modernity,modernity
"Modigiliani, Dr. Angelo",term1029,214|346,ModigilianiDrAngelo,modigilianidrangelo
"Momigliano (of Piedmont), Rabbi",term69,192,MomiglianoofPiedmontRabbi,momiglianoofpiedmontrabbi
"Montefiore, Judith",term269,143,MontefioreJudith,montefiorejudith
"Montefiore, Moses",term472,215|250|257|363|434|454|455|456|534|535|545|630|680|681|704|713,MontefioreMoses,montefioremoses
Morais Library,term326,751|806|811|820|827,MoraisLibrary,moraislibrary
"Morais, Henry S.",term277,681|703,MoraisHenryS,moraishenrys
"Morais, Nina",term494,81|429,MoraisNina,moraisnina
Moral Science,term768,140,MoralScience,moralscience
"Morandes, S. H.",term143,432,MorandesSH,morandessh
"Morpurgo, J. L.",term765,200|200,MorpurgoJL,morpurgojl
"Morpurgo, Rachel",term581,193|270|604|783,MorpurgoRachel,morpurgorachel
"Morris, Robert",term392,17,MorrisRobert,morrisrobert
"Morris, William",term954,829,MorrisWilliam,morriswilliam
"Mortara (Chief Rabbi of Mantua), Marco",term993,235|290|579|590|641,MortaraChiefRabbiofMantuaMarco,mortarachiefrabbiofmantuamarco
"Mortara, Edgar",term980,61|213|254|261|284,MortaraEdgar,mortaraedgar
"Moses Montefiore, New York",term363,624|630,MosesMontefioreNewYork,mosesmontefiorenewyork
"Moss, E. L.",term1035,504,MossEL,mossel
"Moss, Joseph L.",term560,507,MossJosephL,mossjosephl
"Moss, Lucien Herbert",term106,506|511,MossLucienHerbert,mosslucienherbert
"Mott, James and Lucretia",term838,391,MottJamesandLucretia,mottjamesandlucretia
"Mott, Lucretia",term1012,503,MottLucretia,mottlucretia
Mount Sinai,term98,72,MountSinai,mountsinai
"Muhr, Simon",term527,315|339|384|790|791,MuhrSimon,muhrsimon
"Muller, Max",term988,380|490,MullerMax,mullermax
"Munk, S.",term741,43|186|257|270|520,MunkS,munks
"Murrell, Captain Hamilton",term505,689,MurrellCaptainHamilton,murrellcaptainhamilton
Nachgelassene Schriften,term97,204,NachgelasseneSchriften,nachgelasseneschriften
"Nardi, Prof.",term413,192,NardiProf,nardiprof
Nathan the Lexicographer,term76,113,NathantheLexicographer,nathanthelexicographer
Nathan the Wise,term743,489,NathantheWise,nathanthewise
"Nathan, Joseph",term583,428,NathanJoseph,nathanjoseph
"Nathan, Sarah Levi",term369,428,NathanSarahLevi,nathansarahlevi
"National Baptist, The",term882,242,NationalBaptistThe,nationalbaptistthe
"Naumburg, Rev. L.",term559,467,NaumburgRevL,naumburgrevl
Neim Zemiroth Shmuel,term287,607,NeimZemirothShmuel,neimzemirothshmuel
"Netter, Charles",term305,254,NetterCharles,nettercharles
"Neubauer, A.",term195,504,NeubauerA,neubauera
"Neuhouse, Delia Rowland",term296,538,NeuhouseDeliaRowland,neuhousedeliarowland
Neuzeit (of Vienna),term593,600,NeuzeitofVienna,neuzeitofvienna
New Orleans,term90,740,NewOrleans,neworleans
New York Herald,term347,243|703,NewYorkHerald,newyorkherald
"Newman, Dr. J. P.",term920,309,NewmanDrJP,newmandrjp
"Newman, Rev. Louis C.",term623,163,NewmanRevLouisC,newmanrevlouisc
"Nicholas, Czar",term1018,446,NicholasCzar,nicholasczar
"Nicolai, Dr.",term686,264,NicolaiDr,nicolaidr
"Niebhur, Carstens",term116,3,NiebhurCarstens,niebhurcarstens
"Nieto, David",term618,125|126|379|599,NietoDavid,nietodavid
Ninth of Ab,term896,272|294|321|355|452|662,NinthofAb,ninthofab
Nizachon,term139,105,Nizachon,nizachon
"Nordell, Philip A.",term908,593,NordellPhilipA,nordellphilipa
North American,term254,418,NorthAmerican,northamerican
North American Review,term74,197|421,NorthAmericanReview,northamericanreview
Nuova Antologia Della Prosa Italiana Moderna Colla Traduzione A Fronte,term138,391,NuovaAntologiaDellaProsaItalianaModernaCollaTraduzioneAFronte,nuovaantologiadellaprosaitalianamodernacollatraduzioneafronte
"O?Connor, J. F. X.",term395,593,OConnorJFX,oconnorjfx
"O?Reilly, May A.",term555,785,OReillyMayA,oreillymaya
"Occident, The",term142,32|112|345|464|465|466|467|468|469|470|471|472|473|474|475|476|477|478,OccidentThe,occidentthe
Occult,term415,56,Occult,occult
"Odorici, Mr.",term907,192,OdoriciMr,odoricimr
Ohev Ger,term1000,206|207|208|209|210|211|212|213|214,OhevGer,ohevger
Old Testament in the Jewish Church,term925,314|529,OldTestamentintheJewishChurch,oldtestamentinthejewishchurch
"Oort, H.",term994,529,OortH,oorth
"Oppenheim, Moritz Daniel",term312,442,OppenheimMoritzDaniel,oppenheimmoritzdaniel
"Oppert, Jules",term792,322,OppertJules,oppertjules
Organ music in,term798,62,Organmusicin,organmusicin
Oriental,term101,784,Oriental,oriental
"Orphan Asylum, Cleveland",term52,217,OrphanAsylumCleveland,orphanasylumcleveland
"Orphan Asylum, New York",term1004,351,OrphanAsylumNewYork,orphanasylumnewyork
"Orthodox (also ""Mosaism"")",term17,368|432,OrthodoxalsoMosaism,orthodoxalsomosaism
"Osimo, Leon Rabbi",term934,235,OsimoLeonRabbi,osimoleonrabbi
"Osimo, Marco",term129,235,OsimoMarco,osimomarco
"Osorio, Isidore",term313,630,OsorioIsidore,osorioisidore
"Ottolenghi, Moses",term781,655|756|766,OttolenghiMoses,ottolenghimoses
Pachad Yitschak,term725,348,PachadYitschak,pachadyitschak
Padua rabbinical college,term892,268|311|357|590,Paduarabbinicalcollege,paduarabbinicalcollege
Palestine,term408,29|175,Palestine,palestine
"Palmer, Captain H. S.",term959,72,PalmerCaptainHS,palmercaptainhs
Pan-Judaic Congress,term834,219,PanJudaicCongress,panjudaiccongress
"Pape, Rev. G.",term778,17,PapeRevG,paperevg
Paris,term304,57,Paris,paris
Parker,term965,380,Parker,parker
"Parkhurst, Dr.",term706,732,ParkhurstDr,parkhurstdr
Passover,term444,232|316|397|443|576|628|629,Passover,passover
Pauperism,term525,8,Pauperism,pauperism
"Peabody, George",term406,35|51|142|249,PeabodyGeorge,peabodygeorge
"Peace Convention, The",term947,148,PeaceConventionThe,peaceconventionthe
"Peirce, Judge William S.",term340,591,PeirceJudgeWilliamS,peircejudgewilliams
"Peixotto, B. F.",term332,182|659,PeixottoBF,peixottobf
"Peixotto, Rev. Moses Levy Maduro",term345,340,PeixottoRevMosesLevyMaduro,peixottorevmoseslevymaduro
"Pellico, Silvio",term359,61,PellicoSilvio,pellicosilvio
Penal Reform,term799,640,PenalReform,penalreform
"Penn, William",term745,309|330|420,PennWilliam,pennwilliam
"Pennsylvania, Governor of",term849,7|42|44|299|420,PennsylvaniaGovernorof,pennsylvaniagovernorof
Pentecost,term681,269|291|343|392|393,Pentecost,pentecost
"Pereira, Mendes",term569,601,PereiraMendes,pereiramendes
"Perreau, Pietro",term739,114|228|230|235|265|322|348|394|541|542|602|657|683,PerreauPietro,perreaupietro
"Pesaro, Abram",term985,265|292|328,PesaroAbram,pesaroabram
"Pesoa, David",term955,249,PesoaDavid,pesoadavid
Petrarch,term694,26,Petrarch,petrarch
Phaedon,term675,626,Phaedon,phaedon
Philadelphia,term943,2|254|309|575,Philadelphia,philadelphia
"Philippson (of Baltimore), David",term986,271|670,PhilippsonofBaltimoreDavid,philippsonofbaltimoredavid
"Philips, Ellen",term133,723|729|745|758,PhilipsEllen,philipsellen
"Philipses, The",term699,340,PhilipsesThe,philipsesthe
Philosophy and Philosophical Authors of the Jews,term168,307,PhilosophyandPhilosophicalAuthorsoftheJews,philosophyandphilosophicalauthorsofthejews
"Piciotto, Moses Hayyim",term171,252,PiciottoMosesHayyim,piciottomoseshayyim
"Pick, Dr.",term1023,224,PickDr,pickdr
Pigott,term115,688,Pigott,pigott
"Pincherle, S. L.",term700,200,PincherleSL,pincherlesl
"Pinsker, S.",term705,176,PinskerS,pinskers
Pious IX,term930,213|254,PiousIX,piousix
"Piperno, Abraham Benedict",term308,214|257|346|347|354|468|469|655|701,PipernoAbrahamBenedict,pipernoabrahambenedict
Pittsburgh Convention,term866,550|551|553,PittsburghConvention,pittsburghconvention
"Piza, D. M.",term526,630,PizaDM,pizadm
"Pontremoli, Prof. Ezra (of Vercelli)",term733,270,PontremoliProfEzraofVercelli,pontremoliprofezraofvercelli
Poor Jews,term150,759|785,PoorJews,poorjews
"Porter, Judge",term562,45,PorterJudge,porterjudge
"Porto, Rabbi Moses Cohen",term860,192|197,PortoRabbiMosesCohen,portorabbimosescohen
Portuguese Orphan School,term989,701,PortugueseOrphanSchool,portugueseorphanschool
Prayer and,term874,84|87,Prayerand,prayerand
"Press, The",term362,331|432,PressThe,pressthe
"Preyer, Prof.",term793,788,PreyerProf,preyerprof
Proselytes,term120,470|720,Proselytes,proselytes
Prosperous,term810,7,Prosperous,prosperous
Protestant Episcopal Association,term864,39|59,ProtestantEpiscopalAssociation,protestantepiscopalassociation
Protestant Theological Faculty of Paris,term1031,615,ProtestantTheologicalFacultyofParis,protestanttheologicalfacultyofparis
"Proudhon, Pierre Joseph",term24,199,ProudhonPierreJoseph,proudhonpierrejoseph
Providence,term632,7,Providence,providence
"Public Ledger, The",term153,182|198|400|401|405|407|408|420|585|609|610|622|637|643|679|681|716|732|735|736|739|777|778|785|817|818|820|821|830,PublicLedgerThe,publicledgerthe
Public school,term282,2|31|140|191|548|575,Publicschool,publicschool
Public schools,term405,575,Publicschools,publicschools
Pulpit & politics,term94,42|457|732,Pulpitpolitics,pulpitpolitics
Purim,term498,180|286|314|399|518|649|673|684,Purim,purim
Quakers,term45,309|391,Quakers,quakers
Quebec,term109,29,Quebec,quebec
Rabbinical Conference,term801,52,RabbinicalConference,rabbinicalconference
Rabbinical Teachings,term73,64|67|69|79|82|88|93|97|100,RabbinicalTeachings,rabbinicalteachings
"Rabinowitz, Joel (Cape Town)",term899,438,RabinowitzJoelCapeTown,rabinowitzjoelcapetown
"Rabinowitz, Rev. M.",term84,155,RabinowitzRevM,rabinowitzrevm
"Racah, Prof. Leon",term619,288|677|682,RacahProfLeon,racahprofleon
"Randall, Samuel J.",term1037,716,RandallSamuelJ,randallsamuelj
"Randegger, Mayer",term607,191|208,RandeggerMayer,randeggermayer
"Raphall, Morris J. Dr.",term455,181|653,RaphallMorrisJDr,raphallmorrisjdr
"Rapoport, S.L.",term385,4|9|10|36|43|185|189|204|233|270|453|475|477|478|711|801,RapoportSL,rapoportsl
Rashi,term485,188|522,Rashi,rashi
Rebecca Gratz School,term606,434,RebeccaGratzSchool,rebeccagratzschool
Recanti of Verona,term403,62,RecantiofVerona,recantiofverona
"Reform Judaism, (also ""Neology""/""Gentilism"")",term190,9|10|41|107|129|283|295|362|387|530|550|553,ReformJudaismalsoNeologyGentilism,reformjudaismalsoneologygentilism
"Reggio, Abraham",term656,203|739,ReggioAbraham,reggioabraham
"Reggio, Isaac Samuel",term737,14|46|122|172|177|191|196|201|203|252|270|590|603|782,ReggioIsaacSamuel,reggioisaacsamuel
"Regina, Miriam",term486,191,ReginaMiriam,reginamiriam
"Reich, Rev. Leo",term666,549,ReichRevLeo,reichrevleo
Religion and Philosophy,term459,9,ReligionandPhilosophy,religionandphilosophy
"Renan, Ernest",term629,639|705|734|747,RenanErnest,renanernest
Republicanism,term987,1|2|183|254|625,Republicanism,republicanism
"Reymond, Emil du Bois",term393,788,ReymondEmilduBois,reymondemildubois
Rhode Island,term469,142,RhodeIsland,rhodeisland
Ricci,term286,61,Ricci,ricci
"Riesser, Gabriel",term730,270,RiesserGabriel,riessergabriel
Ritual Murder Charge,term181,316,RitualMurderCharge,ritualmurdercharge
Rodeph Shalom,term692,589|728,RodephShalom,rodephshalom
"Rodner, David",term824,652,RodnerDavid,rodnerdavid
"Rodriguez, Donna Mayor",term10,670,RodriguezDonnaMayor,rodriguezdonnamayor
Roman ghetto,term75,549,Romanghetto,romanghetto
"Rosencranz, Leon L.",term754,192,RosencranzLeonL,rosencranzleonl
"Rosenfeld, S.",term418,652,RosenfeldS,rosenfelds
Rosh Hashanah,term970,63|245|247|274|299|301|303|324|546|671|729|796,RoshHashanah,roshhashanah
Rosselli family,term662,701,Rossellifamily,rossellifamily
"Rossi, Azariah de",term262,105|123|124|190|228|268,RossiAzariahde,rossiazariahde
"Rossi, John B de",term299,170,RossiJohnBde,rossijohnbde
"Rothschild, Alphonse de",term1015,704,RothschildAlphonsede,rothschildalphonsede
"Rothschild, Bertha (a.k.a. Maria) de",term211,329,RothschildBerthaakaMariade,rothschildberthaakamariade
"Rothschild, Charles de",term863,329,RothschildCharlesde,rothschildcharlesde
"Rothschild, Esther",term839,539,RothschildEsther,rothschildesther
"Rothschild, Lionel de",term453,713,RothschildLionelde,rothschildlionelde
Roumania,term289,180|182|183|219|254|261|262,Roumania,roumania
"Rowland, Rev A. J.",term850,251,RowlandRevAJ,rowlandrevaj
"Rubinstein, Isaac",term12,15|241|244,RubinsteinIsaac,rubinsteinisaac
Rumoured as Orthodox Chief Rabbi,term721,240|243,RumouredasOrthodoxChiefRabbi,rumouredasorthodoxchiefrabbi
"Ruskay, Esther J.",term65,784,RuskayEstherJ,ruskayestherj
Russia,term664,180|261|262,Russia,russia
Russian Jews,term580,312|314|318|353|368|437|576|719|752|755,RussianJews,russianjews
Russo-Turkish War,term423,183,RussoTurkishWar,russoturkishwar
"Ruzanowsky, N.",term859,259,RuzanowskyN,ruzanowskyn
Sabbath Observance Association,term233,798,SabbathObservanceAssociation,sabbathobservanceassociation
Sabbath School,term416,17,SabbathSchool,sabbathschool
Sabbath School Union,term172,360|361,SabbathSchoolUnion,sabbathschoolunion
"Sachs, Dr.",term918,9,SachsDr,sachsdr
"Sachs, Michael",term924,270,SachsMichael,sachsmichael
Saggio del Rabbino Marco Mortara,term411,311,SaggiodelRabbinoMarcoMortara,saggiodelrabbinomarcomortara
"Salomons, David",term570,713,SalomonsDavid,salomonsdavid
"Salvador, J.",term957,40,SalvadorJ,salvadorj
"Salzburg, Dr.",term968,797,SalzburgDr,salzburgdr
"Sangadun, Jacob ben",term886,340,SangadunJacobben,sangadunjacobben
"Sanger, W.",term1033,164,SangerW,sangerw
"Saraval, Rabbi U. V.",term1003,208,SaravalRabbiUV,saravalrabbiuv
"Sasportas, Jacob",term132,599,SasportasJacob,sasportasjacob
"Schiller-Szinessy, S. M.",term542,522,SchillerSzinessySM,schillerszinessysm
"Schlegel, Frederick",term1021,288,SchlegelFrederick,schlegelfrederick
"Schmid, Anton",term558,270|287|781|801,SchmidAnton,schmidanton
School Sectarianism,term875,133,SchoolSectarianism,schoolsectarianism
"Schurz, Carl",term450,351,SchurzCarl,schurzcarl
Scribner?s Magazine,term482,317,ScribnersMagazine,scribnersmagazine
"See, Abraham",term929,726,SeeAbraham,seeabraham
"Segre, Bella Bathsheba",term452,203,SegreBellaBathsheba,segrebellabathsheba
"Seixas, Gershom Mendes",term522,340,SeixasGershomMendes,seixasgershommendes
Selections from the Talmud,term615,163,SelectionsfromtheTalmud,selectionsfromthetalmud
Senior Sachs,term306,149,SeniorSachs,seniorsachs
Seperation of Church and State,term835,58|401,SeperationofChurchandState,seperationofchurchandstate
Sepher Hazichronot,term1027,221,SepherHazichronot,sepherhazichronot
Sepher Hazzichronot,term614,221,SepherHazzichronot,sepherhazzichronot
Sepher Yetzirah,term673,111,SepherYetzirah,sepheryetzirah
"Servi, Rabbi F.",term814,292,ServiRabbiF,servirabbif
"Seward, Mr.",term18,634,SewardMr,sewardmr
Sewing Society,term679,249,SewingSociety,sewingsociety
Sforno,term6,127,Sforno,sforno
Shaarei Shamayim (London),term1039,18,ShaareiShamayimLondon,shaareishamayimlondon
Shavuot,term128,290|632,Shavuot,shavuot
Shem Tob Samson,term544,62,ShemTobSamson,shemtobsamson
"Sheridan, General",term252,666,SheridanGeneral,sheridangeneral
Sherif of London,term358,515,SherifofLondon,sherifoflondon
"Sherman, General William T.",term677,634,ShermanGeneralWilliamT,shermangeneralwilliamt
Shir Yedidoth,term160,311,ShirYedidoth,shiryedidoth
"Silberman, E. L. (""The Maggid"")",term440,190,SilbermanELTheMaggid,silbermanelthemaggid
"Simon, Richard",term325,210,SimonRichard,simonrichard
"Singer, Abram",term419,352,SingerAbram,singerabram
Sketches of Anglo-Jewish History,term105,184,SketchesofAngloJewishHistory,sketchesofanglojewishhistory
Slaughtering Techniques,term668,45,SlaughteringTechniques,slaughteringtechniques
Slavery,term225,28|29,Slavery,slavery
"Slonimsky, Hayim S.",term563,189,SlonimskyHayimS,slonimskyhayims
Slum clearance,term702,741,Slumclearance,slumclearance
"Smith, Charles Emory",term948,719,SmithCharlesEmory,smithcharlesemory
"Smith, Goldwin",term997,377|432|448|746,SmithGoldwin,smithgoldwin
"Smith, Henry Preserved",term599,607,SmithHenryPreserved,smithhenrypreserved
"Smith, Willaim Robertson",term761,313|479|480|481|482|491|492|493|494|495|511|725,SmithWillaimRobertson,smithwillaimrobertson
"Soave, Moise",term367,193,SoaveMoise,soavemoise
Social Science Association,term212,400,SocialScienceAssociation,socialscienceassociation
Society for the Prevention of Cruelty to Animals,term424,45|570|573|789,SocietyforthePreventionofCrueltytoAnimals,societyforthepreventionofcrueltytoanimals
Society of the United Hebrew Charities of Philadelphia,term549,249,SocietyoftheUnitedHebrewCharitiesofPhiladelphia,societyoftheunitedhebrewcharitiesofphiladelphia
Society to Prevent Children from Cruelty,term348,663,SocietytoPreventChildrenfromCruelty,societytopreventchildrenfromcruelty
"Sola, Mendes de",term247,601,SolaMendesde,solamendesde
"Sola, Rev. David Aaron de",term774,346,SolaRevDavidAaronde,solarevdavidaaronde
"Solis-Cohen, D.",term805,621|746,SolisCohenD,soliscohend
"Solis, David",term797,829,SolisDavid,solisdavid
"Solla (of Montego Bay), Jacob M. de",term81,19|20|21,SollaofMontegoBayJacobMde,sollaofmontegobayjacobmde
"Solomon of Malach, (Chief Rabbi of Leghorn)",term23,62,SolomonofMalachChiefRabbiofLeghorn,solomonofmalachchiefrabbiofleghorn
"Solomon, Hayim",term770,17|746,SolomonHayim,solomonhayim
"Sonnenfeld, Dr.",term201,726,SonnenfeldDr,sonnenfelddr
"Sonnenschein (of Temple Israel, St. Louis), S. H.",term266,337|361|596|694,SonnenscheinofTempleIsraelStLouisSH,sonnenscheinoftempleisraelstlouissh
"Sorani (Chief Rabbi of Cuneo), Moses",term729,590,SoraniChiefRabbiofCuneoMoses,soranichiefrabbiofcuneomoses
Spain,term353,1|44,Spain,spain
Spain and the Jews,term114,598,SpainandtheJews,spainandthejews
Spanish and Portuguese synagogue in Leghorn and Amsterdam,term533,351,SpanishandPortuguesesynagogueinLeghornandAmsterdam,spanishandportuguesesynagogueinleghornandamsterdam
Spanish and Portuguese synagogue in New York (Shearith Israel),term736,556|563|799,SpanishandPortuguesesynagogueinNewYorkShearithIsrael,spanishandportuguesesynagogueinnewyorkshearithisrael
Spanish Inquisition,term872,364,SpanishInquisition,spanishinquisition
"Speaker, Henry D.",term506,780|793|803,SpeakerHenryD,speakerhenryd
"Spencer, Herbert",term818,670,SpencerHerbert,spencerherbert
"Spinoza, Benedict",term121,193|237|288|336|337,SpinozaBenedict,spinozabenedict
Spinozism,term540,337|339,Spinozism,spinozism
"Stapfer, Edmond",term684,658,StapferEdmond,stapferedmond
Statue of Religious Liberty,term218,164|166|423,StatueofReligiousLiberty,statueofreligiousliberty
"Steinschneider, Moritz",term690,235|697,SteinschneiderMoritz,steinschneidermoritz
"Stern (of Washington), Rev.",term1008,594,SternofWashingtonRev,sternofwashingtonrev
"Stern, Dr.",term1006,432,SternDr,sterndr
"Stern, Mandel",term391,783,SternMandel,sternmandel
"Sternberg, Mr.",term585,320|424,SternbergMr,sternbergmr
"Stewart, Dugald",term187,337,StewartDugald,stewartdugald
"Stoecker, Adolph",term154,278,StoeckerAdolph,stoeckeradolph
"Storia degli Ebrei in Sicilia pel Dottor L. Zunz, tradotta dal tedesco da Pietro Perreau",term855,267,StoriadegliEbreiinSiciliapelDottorLZunztradottadaltedescodaPietroPerreau,storiadegliebreiinsiciliapeldottorlzunztradottadaltedescodapietroperreau
Succoth,term245,66|248|276|302|327|398,Succoth,succoth
"Sultan, Turkish",term25,175,SultanTurkish,sultanturkish
"Sulzberger, Leopold",term163,305|306,SulzbergerLeopold,sulzbergerleopold
"Sulzberger, Mayer",term714,112|746,SulzbergerMayer,sulzbergermayer
"Sunday Dispatch, The",term964,9|10|47|55|145|183|205|257|280|293|297|309|330|625|678,SundayDispatchThe,sundaydispatchthe
Sunday Question,term777,205,SundayQuestion,sundayquestion
"Susan, Issachar ben Mordechai",term823,222,SusanIssacharbenMordechai,susanissacharbenmordechai
Sweating System,term825,785|786,SweatingSystem,sweatingsystem
"Sylva, Carmen",term124,790,SylvaCarmen,sylvacarmen
"Synagogue, The",term709,80|84,SynagogueThe,synagoguethe
Synod (proposed),term589,277,Synodproposed,synodproposed
"Szold, Benjamin",term976,352|583,SzoldBenjamin,szoldbenjamin
Tachkemoni,term421,111,Tachkemoni,tachkemoni
Talmud,term630,476,Talmud,talmud
Talmudic Dictionary,term196,625,TalmudicDictionary,talmudicdictionary
Teachers,term501,81,Teachers,teachers
"Tedeschi (of Trieste), Moses",term990,201|271|311|579|583|604|782,TedeschiofTriesteMoses,tedeschioftriestemoses
"Tedeschi, Marco",term680,193|234|287,TedeschiMarco,tedeschimarco
"Tedeschi, Rabbi Mario",term335,197,TedeschiRabbiMario,tedeschirabbimario
"Tedesco, Baron Herman",term1028,102,TedescoBaronHerman,tedescobaronherman
th Birthday,term858,721|726|806|807|808|809|810|811|812|813|814|815|819|820|821|823|825|826|827|829|830,thBirthday,thbirthday
Thanksgiving,term107,1|2|7|23|31|42|51|57|61|90|104|108|166|254|332|411|413|419|430|585|640|735|736|737|768|790|795,Thanksgiving,thanksgiving
The Bible for Home Reading,term750,800,TheBibleforHomeReading,thebibleforhomereading
The Chronicles of the Prophet,term47,359,TheChroniclesoftheProphet,thechroniclesoftheprophet
"The Jewish Method of Slaughter, Compared with other Methods, from the Sanitarian Hygienic and Economic Points of View",term995,788,TheJewishMethodofSlaughterComparedwithotherMethodsfromtheSanitarianHygienicandEconomicPointsofView,thejewishmethodofslaughtercomparedwithothermethodsfromthesanitarianhygienicandeconomicpointsofview
The Jewish Problem,term635,335,TheJewishProblem,thejewishproblem
The Mind of Michaelangelo,term155,359,TheMindofMichaelangelo,themindofmichaelangelo
The Trefa Banquet,term747,382,TheTrefaBanquet,thetrefabanquet
Thiers,term493,61,Thiers,thiers
"Thomas, Theodore",term33,144,ThomasTheodore,thomastheodore
"Tiboni (of Brescia), Peter",term253,192,TiboniofBresciaPeter,tiboniofbresciapeter
Tiferet Israel,term402,743,TiferetIsrael,tiferetisrael
Tisza Eszlar,term474,363,TiszaEszlar,tiszaeszlar
Torah Nidreshet,term708,197|199,TorahNidreshet,torahnidreshet
"Torre (of Luneo), Lelllio Della",term727,203|204|270|271|337|590|641|783,TorreofLuneoLelllioDella,torreofluneolellliodella
Torres,term331,699,Torres,torres
"Touro, Judah",term383,217,TouroJudah,tourojudah
Touros,term971,37|142,Touros,touros
Translation and Criticism of the Psalms,term713,359,TranslationandCriticismofthePsalms,translationandcriticismofthepsalms
Treaty of Washington,term49,61,TreatyofWashington,treatyofwashington
"Treitschke, Prof. Heinrich von",term996,278|441,TreitschkeProfHeinrichvon,treitschkeprofheinrichvon
"Treves, Sabato Graziado",term916,782,TrevesSabatoGraziado,trevessabatograziado
Trieste,term1020,191|234|782,Trieste,trieste
"Trieste, Gabriel",term242,203|204,TriesteGabriel,triestegabriel
"Tunstall, Nannie",term594,606,TunstallNannie,tunstallnannie
"Turetzki, Israel",term400,754,TuretzkiIsrael,turetzkiisrael
Ugav Rachel,term382,783,UgavRachel,ugavrachel
Union League (of Philadelphia),term958,25|581|618,UnionLeagueofPhiladelphia,unionleagueofphiladelphia
Union of American Hebrew Congregations,term627,256,UnionofAmericanHebrewCongregations,unionofamericanhebrewcongregations
Unitarianism,term477,380,Unitarianism,unitarianism
United Hebrew Charities,term426,35|291|304,UnitedHebrewCharities,unitedhebrewcharities
Unity,term192,80|90|92,Unity,unity
Urschrift,term919,204,Urschrift,urschrift
"Vadaver, H.",term322,17,VadaverH,vadaverh
"VanBeil, Mrs. Emily",term789,433,VanBeilMrsEmily,vanbeilmrsemily
"Veneziani, Emanuel",term208,214|254|278|437|634|676|677|678|679|680|681,VenezianiEmanuel,venezianiemanuel
"Veneziani, Victor",term887,681,VenezianiVictor,venezianivictor
"Verdi, Guiseppe (of Casale, Italy)",term471,704,VerdiGuiseppeofCasaleItaly,verdiguiseppeofcasaleitaly
Vessillo Israelitico,term162,273|293|328|334|357|565|579|590|600,VessilloIsraelitico,vessilloisraelitico
Vicksburg,term822,28,Vicksburg,vicksburg
Victor Emmanuel II (King of Italy),term433,61|213|261|359|702|738|752,VictorEmmanuelIIKingofItaly,victoremmanueliikingofitaly
"Victoria, Queen",term653,599,VictoriaQueen,victoriaqueen
"Vidaver, Dr. Henry",term688,46|310,VidaverDrHenry,vidaverdrhenry
"Vienna, Jewish Community of",term775,102,ViennaJewishCommunityof,viennajewishcommunityof
"Vincent, John H.",term410,797,VincentJohnH,vincentjohnh
"Vineland Colony, N.J.",term975,320|424|691,VinelandColonyNJ,vinelandcolonynj
"Virchow, Rudolph",term885,788,VirchowRudolph,virchowrudolph
"Voorsanger, Jacob",term165,361,VoorsangerJacob,voorsangerjacob
War of Independence,term351,128,WarofIndependence,warofindependence
War of Independence (American),term732,1,WarofIndependenceAmerican,warofindependenceamerican
Warsaw,term360,94,Warsaw,warsaw
Washington Monument,term660,517,WashingtonMonument,washingtonmonument
"Washington, George",term207,17|689|816|830,WashingtonGeorge,washingtongeorge
"Watts (of Belfast), Prof.",term543,491,WattsofBelfastProf,wattsofbelfastprof
Webster,term992,688,Webster,webster
"Weil, Gustav",term339,322,WeilGustav,weilgustav
"Weil, Jacob",term906,675,WeilJacob,weiljacob
"Wellhausen, Julius",term876,313|605|621,WellhausenJulius,wellhausenjulius
"Wessely, Hertz",term193,10|177|190|278|520,WesselyHertz,wesselyhertz
Western Union College,term567,157,WesternUnionCollege,westernunioncollege
"White, Caroline Earle",term609,789,WhiteCarolineEarle,whitecarolineearle
"Wilberforce, William",term95,515,WilberforceWilliam,wilberforcewilliam
"Wilburn, Cora",term492,581|619,WilburnCora,wilburncora
"Williamson, Isaiah V.",term504,142,WilliamsonIsaiahV,williamsonisaiahv
"Wilson, Vice President",term931,137,WilsonVicePresident,wilsonvicepresident
"Wise, I. M.",term844,3|4|5|6|129|155|217|241|244|264|357|365|368|369|370|372|373|374|375|377|378|379|381|385|386|387|388|449|486|641|700|724|733,WiseIM,wiseim
"Wittenberg, David H.",term271,780|793|803,WittenbergDavidH,wittenbergdavidh
"Wogue, Rabbi",term514,294,WogueRabbi,woguerabbi
"Wohelener, Jette",term578,604,WohelenerJette,wohelenerjette
"Wolfenstein, Dr.",term520,217,WolfensteinDr,wolfensteindr
"Woods, Rev. F. H.",term228,607,WoodsRevFH,woodsrevfh
World?s Fair,term19,753,WorldsFair,worldsfair
Year Book for the Diffusion of an Accurate Knowledge of ancient and Modern Palestine,term209,325,YearBookfortheDiffusionofanAccurateKnowledgeofancientandModernPalestine,yearbookforthediffusionofanaccurateknowledgeofancientandmodernpalestine
"Yeedish Gazette, The",term652,155,YeedishGazetteThe,yeedishgazettethe
Yom Kippur,term1007,246|275|300|304|326|363|404|409|445|462|547|622|623|672|722|759|767|784|785,YomKippur,yomkippur
Yom Kippur Before Metz,term480,441,YomKippurBeforeMetz,yomkippurbeforemetz
Young Israel of America,term261,131,YoungIsraelofAmerica,youngisraelofamerica
Young Men?s Hebrew Association,term140,181|284|313|396|421|487|490|491|670,YoungMensHebrewAssociation,youngmenshebrewassociation
Young Women?s Union,term969,656,YoungWomensUnion,youngwomensunion
Zaakath Sheber,term255,311,ZaakathSheber,zaakathsheber
"Zadoc, Dr.",term427,103,ZadocDr,zadocdr
"Zambelli, Dr.",term57,782,ZambelliDr,zambellidr
Zechor Le Avraham,term572,347,ZechorLeAvraham,zechorleavraham
"Zelman, Samuel V.",term999,191|311|782,ZelmanSamuelV,zelmansamuelv
Zionism,term93,175|294|805,Zionism,zionism
"Zunz, Leopold",term122,9|123|194|204|234|265|267|270|288|541|542|587,ZunzLeopold,zunzleopold
Zur Geschichte und Literatur,term229,267,ZurGeschichteundLiteratur,zurgeschichteundliteratur